#,,,"generated_by='OpenQuake engine 3.16.0-gitcf632b7de3', start_date='2022-12-06T23:27:40', checksum=791443870, investigation_time=50.0, mag_bin_edges=[4.5, 5.0, 5.5, 6.0, 6.5, 7.0, 7.5, 8.0, 8.5, 9.0], dist_bin_edges=[0.0, 10.0, 20.0, 30.0, 40.0, 50.0, 60.0, 70.0, 80.0, 90.0, 100.0, 110.0, 120.0, 130.0, 140.0, 150.0, 160.0, 170.0, 180.0, 190.0, 200.0], lon_bin_edges=[12.84067243378191, 15.205970000000008, 17.571267566218104], lat_bin_edges=[38.69936, 40.498, 42.29664], eps_bin_edges=[-3.0, 3.0], tectonic_region_types=['Active Shallow Crust', 'Shield', 'Stable Shallow Crust', 'Subduction Deep', 'Subduction Inslab', 'Subduction Interface', 'Volcanic'], rlz_ids=[0], weights=[1.0], lon=15.205970000000008, lat=40.498"
imt,poe,trt,rlz0
AvgSA,0.4,Active Shallow Crust,3.83541E-01
AvgSA,0.4,Shield,0.00000E+00
AvgSA,0.4,Stable Shallow Crust,1.19590E-04
AvgSA,0.4,Subduction Deep,0.00000E+00
AvgSA,0.4,Subduction Inslab,4.94790E-02
AvgSA,0.4,Subduction Interface,0.00000E+00
AvgSA,0.4,Volcanic,0.00000E+00
AvgSA,0.2,Active Shallow Crust,1.82282E-01
AvgSA,0.2,Shield,0.00000E+00
AvgSA,0.2,Stable Shallow Crust,1.80202E-05
AvgSA,0.2,Subduction Deep,0.00000E+00
AvgSA,0.2,Subduction Inslab,2.58422E-02
AvgSA,0.2,Subduction Interface,0.00000E+00
AvgSA,0.2,Volcanic,0.00000E+00
AvgSA,0.1,Active Shallow Crust,8.81514E-02
AvgSA,0.1,Shield,0.00000E+00
AvgSA,0.1,Stable Shallow Crust,1.57505E-06
AvgSA,0.1,Subduction Deep,0.00000E+00
AvgSA,0.1,Subduction Inslab,1.40773E-02
AvgSA,0.1,Subduction Interface,0.00000E+00
AvgSA,0.1,Volcanic,0.00000E+00
AvgSA,0.05,Active Shallow Crust,4.28495E-02
AvgSA,0.05,Shield,0.00000E+00
AvgSA,0.05,Stable Shallow Crust,6.15040E-08
AvgSA,0.05,Subduction Deep,0.00000E+00
AvgSA,0.05,Subduction Inslab,7.72602E-03
AvgSA,0.05,Subduction Interface,0.00000E+00
AvgSA,0.05,Volcanic,0.00000E+00
AvgSA,0.02,Active Shallow Crust,1.66323E-02
AvgSA,0.02,Shield,0.00000E+00
AvgSA,0.02,Stable Shallow Crust,0.00000E+00
AvgSA,0.02,Subduction Deep,0.00000E+00
AvgSA,0.02,Subduction Inslab,3.49345E-03
AvgSA,0.02,Subduction Interface,0.00000E+00
AvgSA,0.02,Volcanic,0.00000E+00
AvgSA,0.01,Active Shallow Crust,8.19771E-03
AvgSA,0.01,Shield,0.00000E+00
AvgSA,0.01,Stable Shallow Crust,0.00000E+00
AvgSA,0.01,Subduction Deep,0.00000E+00
AvgSA,0.01,Subduction Inslab,1.91624E-03
AvgSA,0.01,Subduction Interface,0.00000E+00
AvgSA,0.01,Volcanic,0.00000E+00
AvgSA,0.005,Active Shallow Crust,4.01573E-03
AvgSA,0.005,Shield,0.00000E+00
AvgSA,0.005,Stable Shallow Crust,0.00000E+00
AvgSA,0.005,Subduction Deep,0.00000E+00
AvgSA,0.005,Subduction Inslab,1.03904E-03
AvgSA,0.005,Subduction Interface,0.00000E+00
AvgSA,0.005,Volcanic,0.00000E+00
AvgSA,0.0025,Active Shallow Crust,1.95412E-03
AvgSA,0.0025,Shield,0.00000E+00
AvgSA,0.0025,Stable Shallow Crust,0.00000E+00
AvgSA,0.0025,Subduction Deep,0.00000E+00
AvgSA,0.0025,Subduction Inslab,5.54879E-04
AvgSA,0.0025,Subduction Interface,0.00000E+00
AvgSA,0.0025,Volcanic,0.00000E+00
AvgSA,0.001,Active Shallow Crust,7.64515E-04
AvgSA,0.001,Shield,0.00000E+00
AvgSA,0.001,Stable Shallow Crust,0.00000E+00
AvgSA,0.001,Subduction Deep,0.00000E+00
AvgSA,0.001,Subduction Inslab,2.39931E-04
AvgSA,0.001,Subduction Interface,0.00000E+00
AvgSA,0.001,Volcanic,0.00000E+00
AvgSA,0.0005,Active Shallow Crust,3.76786E-04
AvgSA,0.0005,Shield,0.00000E+00
AvgSA,0.0005,Stable Shallow Crust,0.00000E+00
AvgSA,0.0005,Subduction Deep,0.00000E+00
AvgSA,0.0005,Subduction Inslab,1.24599E-04
AvgSA,0.0005,Subduction Interface,0.00000E+00
AvgSA,0.0005,Volcanic,0.00000E+00
