#,,,"generated_by='OpenQuake engine 3.16.0-gitcf632b7de3', start_date='2022-12-06T22:12:45', checksum=63011414, investigation_time=50.0, mag_bin_edges=[4.5, 5.0, 5.5, 6.0, 6.5, 7.0, 7.5, 8.0, 8.5, 9.0], dist_bin_edges=[0.0, 10.0, 20.0, 30.0, 40.0, 50.0, 60.0, 70.0, 80.0, 90.0, 100.0, 110.0, 120.0, 130.0, 140.0, 150.0, 160.0, 170.0, 180.0, 190.0, 200.0], lon_bin_edges=[13.233457889072948, 15.594629999999995, 17.955802110927042], lat_bin_edges=[38.582, 40.38064, 42.17928], eps_bin_edges=[-3.0, 3.0], tectonic_region_types=['Active Shallow Crust', 'Shield', 'Stable Shallow Crust', 'Subduction Deep', 'Subduction Inslab', 'Subduction Interface', 'Volcanic'], rlz_ids=[0], weights=[1.0], lon=15.594629999999995, lat=40.38064"
imt,poe,trt,rlz0
AvgSA,0.4,Active Shallow Crust,3.64943E-01
AvgSA,0.4,Shield,0.00000E+00
AvgSA,0.4,Stable Shallow Crust,7.62721E-06
AvgSA,0.4,Subduction Deep,0.00000E+00
AvgSA,0.4,Subduction Inslab,6.29272E-02
AvgSA,0.4,Subduction Interface,0.00000E+00
AvgSA,0.4,Volcanic,0.00000E+00
AvgSA,0.2,Active Shallow Crust,1.75760E-01
AvgSA,0.2,Shield,0.00000E+00
AvgSA,0.2,Stable Shallow Crust,6.03965E-08
AvgSA,0.2,Subduction Deep,0.00000E+00
AvgSA,0.2,Subduction Inslab,2.99437E-02
AvgSA,0.2,Subduction Interface,0.00000E+00
AvgSA,0.2,Volcanic,0.00000E+00
AvgSA,0.1,Active Shallow Crust,8.66893E-02
AvgSA,0.1,Shield,0.00000E+00
AvgSA,0.1,Stable Shallow Crust,0.00000E+00
AvgSA,0.1,Subduction Deep,0.00000E+00
AvgSA,0.1,Subduction Inslab,1.46240E-02
AvgSA,0.1,Subduction Interface,0.00000E+00
AvgSA,0.1,Volcanic,0.00000E+00
AvgSA,0.05,Active Shallow Crust,4.35580E-02
AvgSA,0.05,Shield,0.00000E+00
AvgSA,0.05,Stable Shallow Crust,0.00000E+00
AvgSA,0.05,Subduction Deep,0.00000E+00
AvgSA,0.05,Subduction Inslab,7.27414E-03
AvgSA,0.05,Subduction Interface,0.00000E+00
AvgSA,0.05,Volcanic,0.00000E+00
AvgSA,0.02,Active Shallow Crust,1.72624E-02
AvgSA,0.02,Shield,0.00000E+00
AvgSA,0.02,Stable Shallow Crust,0.00000E+00
AvgSA,0.02,Subduction Deep,0.00000E+00
AvgSA,0.02,Subduction Inslab,2.85202E-03
AvgSA,0.02,Subduction Interface,0.00000E+00
AvgSA,0.02,Volcanic,0.00000E+00
AvgSA,0.01,Active Shallow Crust,8.60686E-03
AvgSA,0.01,Shield,0.00000E+00
AvgSA,0.01,Stable Shallow Crust,0.00000E+00
AvgSA,0.01,Subduction Deep,0.00000E+00
AvgSA,0.01,Subduction Inslab,1.41557E-03
AvgSA,0.01,Subduction Interface,0.00000E+00
AvgSA,0.01,Volcanic,0.00000E+00
AvgSA,0.005,Active Shallow Crust,4.30591E-03
AvgSA,0.005,Shield,0.00000E+00
AvgSA,0.005,Stable Shallow Crust,0.00000E+00
AvgSA,0.005,Subduction Deep,0.00000E+00
AvgSA,0.005,Subduction Inslab,7.07625E-04
AvgSA,0.005,Subduction Interface,0.00000E+00
AvgSA,0.005,Volcanic,0.00000E+00
AvgSA,0.0025,Active Shallow Crust,2.17056E-03
AvgSA,0.0025,Shield,0.00000E+00
AvgSA,0.0025,Stable Shallow Crust,0.00000E+00
AvgSA,0.0025,Subduction Deep,0.00000E+00
AvgSA,0.0025,Subduction Inslab,3.58183E-04
AvgSA,0.0025,Subduction Interface,0.00000E+00
AvgSA,0.0025,Volcanic,0.00000E+00
AvgSA,0.001,Active Shallow Crust,8.63224E-04
AvgSA,0.001,Shield,0.00000E+00
AvgSA,0.001,Stable Shallow Crust,0.00000E+00
AvgSA,0.001,Subduction Deep,0.00000E+00
AvgSA,0.001,Subduction Inslab,1.44589E-04
AvgSA,0.001,Subduction Interface,0.00000E+00
AvgSA,0.001,Volcanic,0.00000E+00
AvgSA,0.0005,Active Shallow Crust,4.39632E-04
AvgSA,0.0005,Shield,0.00000E+00
AvgSA,0.0005,Stable Shallow Crust,0.00000E+00
AvgSA,0.0005,Subduction Deep,0.00000E+00
AvgSA,0.0005,Subduction Inslab,7.56062E-05
AvgSA,0.0005,Subduction Interface,0.00000E+00
AvgSA,0.0005,Volcanic,0.00000E+00
